url,is_phishing
http://paypal-secure-login.com,1
http://security-chase.com/login,1
http://bankofamerica.update-account.com,1
http://amaz0n-account-verification.com,1
http://appleid.apple.com.update-billing.com,1
http://facebook-security-login.com/verify,1
http://secure.bankofamerica.comx.ru,1
http://microsoft-verify-account.com,1
http://googledocs.login-secure.com,1
http://wells-fargo-secure.account-update.com,1
http://dropbox.download-documents.info,1
http://netflix-verify-billing.com,1
http://linkedin.security-update.info,1
http://update-your-instagram.com,1
http://twitter-account-security.com,1
http://verify-your-paypal.com,1
http://ebay-motors-payment.com,1
http://apple-icloud-verification.com,1
http://support-amazon.com,1
http://174.129.35.134/login,1
http://secure-chase.com-login.eu,1
http://bankofamerica.com@phishing.ru,1
http://verify-apple-icloud.com/login,1
http://onlinebanking.banking.wellsfargo.update.com,1
http://www.paypal.com.verification.net,1
https://www.google.com,0
https://www.amazon.com,0
https://www.facebook.com,0
https://www.apple.com,0
https://www.microsoft.com,0
https://www.netflix.com,0
https://www.paypal.com,0
https://www.ebay.com,0
https://www.twitter.com,0
https://www.instagram.com,0
https://www.linkedin.com,0
https://www.github.com,0
https://www.reddit.com,0
https://www.nytimes.com,0
https://www.cnn.com,0
https://www.wikipedia.org,0
https://www.youtube.com,0
https://www.dropbox.com,0
https://www.spotify.com,0
https://www.bankofamerica.com,0
https://www.chase.com,0
https://www.wellsfargo.com,0
https://www.airbnb.com,0
https://www.walmart.com,0
https://www.target.com,0
